<?xml version="1.0" encoding="UTF-8"?>
<project-private xmlns="http://www.netbeans.org/ns/project-private/1">
    <editor-bookmarks xmlns="http://www.netbeans.org/ns/editor-bookmarks/2" lastBookmarkId="0"/>
    <open-files xmlns="http://www.netbeans.org/ns/projectui-open-files/2">
        <group>
            <file>file:/D:/PRO192/Session/Session06-inheritance/BeNaV3/src/data/Triangle.java</file>
            <file>file:/D:/PRO192/Session/Session06-inheritance/BeNaV3/src/data/Disk.java</file>
            <file>file:/D:/PRO192/Session/Session06-inheritance/BeNaV3/src/benav3/BeNaV3.java</file>
            <file>file:/D:/PRO192/Session/Session06-inheritance/BeNaV3/src/data/Square.java</file>
            <file>file:/D:/PRO192/Session/Session06-inheritance/BeNaV3/src/data/Shape.java</file>
            <file>file:/D:/PRO192/Session/Session06-inheritance/BeNaV3/src/data/Righttriangle.java</file>
            <file>file:/D:/PRO192/Session/Session06-inheritance/BeNaV3/src/data/Rectangle.java</file>
            <file>file:/D:/PRO192/Session/Session06-inheritance/BeNaV3/src/data/math.java</file>
        </group>
    </open-files>
</project-private>
